{
	
	"logInCredential":{
		"emailAddsPhoneNumber":"9124564060",
		"password1":"Surya@123456",
		"Username":"9514048813",
		"Password":"shibu04@Facebook",
		"pageTitle_after_loggedin":"Facebook",
		"ProfileName":"Shibu Dharshan ",
		"Bio_Section":"Designing unique solutions for unique problems.",
		"university_name":"Test university"
	},
	"createNewAccountDetails":{
		"FirstName":"ALEXA",
		"surname":"RIHANA",
		"emailOrMobileNumber":"8093151424",
		"newPassword":"example@12345"
	},
	"EmailOrPhoneNumber":{
		"emailAddsPhoneNumber":"9124564060"
	},
	"password":{
		"password":"abcde@12345"
	},
	
	"credentials":{
		"Username":"9514048813",
		"Password":"shibu04@Facebook"
	},
	"About_Section":{
		"Company_name_textfield":"yakshaa",
		"hometown_textfield":"Test",
		"current_city":"Test",
		"Secondary_School":"Test Public school"
	},
	"PathOfTheImage":{
		"imagePath":"\\testImage\\uploadImage.png"
	}
}
